{"episode_id": 0, "content_type": "video/mp4", "encoder_version": {"backend": "ffmpeg", "version": "b'ffmpeg version 4.4.1 Copyright (c) 2000-2021 the FFmpeg developers\\nbuilt with Apple clang version 13.0.0 (clang-1300.0.29.3)\\nconfiguration: --prefix=/usr/local/Cellar/ffmpeg/4.4.1_3 --enable-shared --enable-pthreads --enable-version3 --cc=clang --host-cflags= --host-ldflags= --enable-ffplay --enable-gnutls --enable-gpl --enable-libaom --enable-libbluray --enable-libdav1d --enable-libmp3lame --enable-libopus --enable-librav1e --enable-librist --enable-librubberband --enable-libsnappy --enable-libsrt --enable-libtesseract --enable-libtheora --enable-libvidstab --enable-libvmaf --enable-libvorbis --enable-libvpx --enable-libwebp --enable-libx264 --enable-libx265 --enable-libxml2 --enable-libxvid --enable-lzma --enable-libfontconfig --enable-libfreetype --enable-frei0r --enable-libass --enable-libopencore-amrnb --enable-libopencore-amrwb --enable-libopenjpeg --enable-libspeex --enable-libsoxr --enable-libzmq --enable-libzimg --disable-libjack --disable-indev=jack --enable-avresample --enable-videotoolbox\\nlibavutil      56. 70.100 / 56. 70.100\\nlibavcodec     58.134.100 / 58.134.100\\nlibavformat    58. 76.100 / 58. 76.100\\nlibavdevice    58. 13.100 / 58. 13.100\\nlibavfilter     7.110.100 /  7.110.100\\nlibavresample   4.  0.  0 /  4.  0.  0\\nlibswscale      5.  9.100 /  5.  9.100\\nlibswresample   3.  9.100 /  3.  9.100\\nlibpostproc    55.  9.100 / 55.  9.100\\n'", "cmdline": ["ffmpeg", "-nostats", "-loglevel", "error", "-y", "-f", "rawvideo", "-s:v", "1200x800", "-pix_fmt", "rgb24", "-framerate", "50", "-i", "-", "-vf", "scale=trunc(iw/2)*2:trunc(ih/2)*2", "-vcodec", "libx264", "-pix_fmt", "yuv420p", "-r", "50", "/Users/sudheertati/Downloads/LunarLander-v2_DeepRL-main/ActorCritic/actor_critic_results/openaigym.video.10.27574.video000000.mp4"]}}